Title;State;VlogLink;Published
"#shedchallenge - What's in our Shed?";"https://www.youtube.com/watch?v=_NH3gKC8V0Q";"il y a 6 ans";
"'No Rules' Vegetable Gardening | A Different Way of Growing Food | An Introduction";"https://www.youtube.com/watch?v=G_UnaVNNWYI";"il y a 2 ans";
"1,000 Subscriber Thank you Contest - (CLOSED)";"https://www.youtube.com/watch?v=ugoNn96zdDY";"il y a 9 ans";
"10 Crops You Can Harvest in Under 2 MONTHS! Fastest Growing Vegetables";"https://www.youtube.com/watch?v=G9cCdb9e-ds";"il y a 4 mois";
"10 Terrific Tomato Growing Tips - Growing PERFECT Tomatoes at Home";"https://www.youtube.com/watch?v=0_P4Vz6og1E";"il y a 9 ans";
"10 Tips to Maximise Food Production in a Small Vegetable Garden | Small Scale Veg Growing #1";"https://www.youtube.com/watch?v=Y9ysNE5bLdk";"il y a 2 ans";
"10 Top Tips for New Vegetable Gardeners - Getting off to a GREAT start";"https://www.youtube.com/watch?v=koN7PPWcN8U";"il y a 8 ans";
"10 Vegetable Garden Hacks to GROW Your Productivity in 2020! (Lesser-known Tips)";"https://www.youtube.com/watch?v=6xydK0BlY3w";"il y a 2 ans";
"10 Ways to Make your Vegetable Garden More Productive in 2017...and Beyond!";"https://www.youtube.com/watch?v=RWBJGgqDpwk";"il y a 5 ans";
"10 of the best Composting tips - Easy composting at home!";"https://www.youtube.com/watch?v=KLzzRBj-7s0";"il y a 8 ans";
"12 Unexpected Things I've Learnt From Growing Vegetables | The Perpetual Journey Of Veg Gardening";"https://www.youtube.com/watch?v=Cm1MpfR3RuE";"il y a 2 ans";
"15 Hardy Crops to Sow in Spring For WINTER ABUNDANCE";"https://www.youtube.com/watch?v=DJlnHI_GidY";"il y a 1 an";
"15 Must-Sow Vegetables and Herbs in June";"https://www.youtube.com/watch?v=56hIUTE4RP4";"il y a 3 mois";
"15 Vegetable Gardening Tips EVERY Beginner Should Know | Invaluable Grow Your Own Tips";"https://www.youtube.com/watch?v=nXlsW-cwN2o";"il y a 2 ans";
"17 Brilliant FREE Vegetable Gardening Hacks | More Food for Less Effort";"https://www.youtube.com/watch?v=3vN5Mn_-5MM";"il y a 2 ans";
"17 MORE Brilliant FREE Vegetable Gardening Hacks | Productive and Easy Garden Hacks";"https://www.youtube.com/watch?v=FFGpmovWOqY";"il y a 2 ans";
"19 Vegetable Gardening Hacks for AMAZING No Dig Harvests";"https://www.youtube.com/watch?v=5Xmza8Ksdy0";"il y a 6 mois";
"2 Methods of Comfrey Propagation";"https://www.youtube.com/watch?v=yq3qloPXUzU";"il y a 4 ans";
"2,000 Subscriber Appreciation and Thank you Contest";"https://www.youtube.com/watch?v=ad9LkgW6X5c";"il y a 9 ans";
"2016 Christmas Giveaway! (Closed)";"https://www.youtube.com/watch?v=vFwPnF06qAc";"il y a 5 ans";
"3 BEST Foods to Grow in Hot Climates (Low amount of Water needed)";"https://www.youtube.com/watch?v=6oEC2uprsxw";"il y a 9 ans";
"3 Great Vegetable Gardening Books - Homestead Library Collaboration";"https://www.youtube.com/watch?v=zmxG-J2C6DY";"il y a 3 ans";
"3 Questions Vegetable Gardeners Must Ask Before Spring";"https://www.youtube.com/watch?v=fh-BVBNhvGY";"il y a 7 mois";
"3 Remarkable Reasons why you should Pre-Prepare your Raised Beds";"https://www.youtube.com/watch?v=jNG4bG_vtMg";"il y a 8 ans";
"3 Simple Strategies for Dealing with Drought in the Garden";"https://www.youtube.com/watch?v=CvikgyCHHPQ";"il y a 5 ans";
"3 Simple Ways to Double Vegetable Garden Yields";"https://www.youtube.com/watch?v=5LfYjk5agOs";"il y a 1 an";
"3 Simple Ways to get LOADS More Food from Your Vegetable Garden | How I Increased My Garden's Yields";"https://www.youtube.com/watch?v=cmpvddT702I";"il y a 2 ans";
"3 Ways to Make a Hotter Compost Pile";"https://www.youtube.com/watch?v=9HkfLBgS7mY";"il y a 7 ans";
"3 years on YouTube - Thank you!";"https://www.youtube.com/watch?v=KJE1WUbC6l8";"il y a 8 ans";
"30 Reasons why you Should Start your own Vegetable Garden";"https://www.youtube.com/watch?v=IfG0pI4BlUI";"il y a 9 ans";
"5 Amazing Ways to Grow Bigger Crops Using Weeds!";"https://www.youtube.com/watch?v=HfCsrFllKGU";"il y a 1 an";
"5 Considerations whilst Planning a Small-space Vegetable Garden";"https://www.youtube.com/watch?v=QksDyz2gRPY";"il y a 7 ans";
"5 Easy to Grow Vegetables - Organic Gardening";"https://www.youtube.com/watch?v=LTTcMXun3dw";"il y a 9 ans";
"5 Essential Veg Garden Tips for a Succesful Start to Spring";"https://www.youtube.com/watch?v=emBYj_yK6R4";"il y a 2 ans";
"5 Great Ways to get MORE Fruit from your Fruit Trees";"https://www.youtube.com/watch?v=t8jNLSf-BlA";"il y a 10 ans";
"5 High in Protein Vegetables - Nutrition";"https://www.youtube.com/watch?v=-9G-29ie1wE";"il y a 9 ans";
"5 Reasons Why I'm Not Growing Potatoes in Raised Beds | Growing Potatoes in Containers";"https://www.youtube.com/watch?v=0uAuE-umok4";"il y a 5 mois";
"5 Tips - How to Start Being Self-Sufficient in Vegetables";"https://www.youtube.com/watch?v=R8VltSo1pu8";"il y a 2 ans";
"5 Ways to Prevent Being Overwhelmed in The Garden";"https://www.youtube.com/watch?v=i-wwkuDmc6U";"il y a 2 ans";
"5 Winter Tasks for a Productive Vegetable Garden Next Year | Permaculture Gardening";"https://www.youtube.com/watch?v=lc4ZxnwAxFE";"il y a 1 an";
"5 of the Best Organic Vegetable Growing tips";"https://www.youtube.com/watch?v=CiifYZ0VVO0";"il y a 7 ans";
"50 ways to kill a slug book review";"https://www.youtube.com/watch?v=IbtQqW-KJMQ";"il y a 10 ans";
"7 Amazingly Simple Ways to Grow EXTRA Crops";"https://www.youtube.com/watch?v=-p9LzBtGicc";"il y a 1 an";
"7 Edible Crops Perfect for Growing in Shady Corners";"https://www.youtube.com/watch?v=NbxbvHrhrEw";"il y a 1 an";
"7 Essential Tips When Planning Your Vegetable Garden | Plan For Year-Round Food Abundance";"https://www.youtube.com/watch?v=nfsISKCbCHg";"il y a 1 an";
"7 FREE Tricks to Grow Food With Limited Compost";"https://www.youtube.com/watch?v=HzonE2AmGmw";"il y a 2 mois";
"7 Gardening Hacks with Plastic Bottles - Simple, Free and Extremely Effective!";"https://www.youtube.com/watch?v=fnR9eGiGm-s";"il y a 7 ans";
"7 Most Productive Edible Crops to Sow in February";"https://www.youtube.com/watch?v=sWDEiSft6aU";"il y a 7 mois";
"7 Reasons Why Every Vegetable Garden Needs a Spare Raised Bed";"https://www.youtube.com/watch?v=wJdLwwuqdVE";"il y a 2 ans";
"7 Simple Skills That Increase Your Garden's Productivity | High-Yield Permaculture Gardening";"https://www.youtube.com/watch?v=b-nwHKRIBBw";"il y a 2 ans";
"7 Simple Steps to Success for you FIRST Ever Raised Bed";"https://www.youtube.com/watch?v=zmefXs8GaXc";"il y a 3 ans";
"7 Smart Ways to Maximize your Garden Harvest";"https://www.youtube.com/watch?v=SAIYLFIqGvw";"il y a 9 ans";
"7 Super Cheap ways to add Nutrients to your Soil";"https://www.youtube.com/watch?v=Dbd7qo6nS9g";"il y a 8 ans";
"7 Weekly Habits Every Gardener Needs | Improve Productivity and Efficiency";"https://www.youtube.com/watch?v=OaEFN7iyQbo";"il y a 2 ans";
"8 Must-Do's for an INCREDIBLE Tomato Crop!";"https://www.youtube.com/watch?v=bsu-a_NMK94";"il y a 1 an";
"9 Quick Ideas to Grow More Food this Year";"https://www.youtube.com/watch?v=ZttZcnh5ETs";"il y a 3 ans";
"9 Watering Tips That Save a Ton of Time";"https://www.youtube.com/watch?v=Gr1ul1NiGl0";"il y a 1 an";
"A Clever Method to Increase Your Garden's Productivity";"https://www.youtube.com/watch?v=PqgsodsktIY";"il y a 1 an";
"A Look at 5 Year Old Leaf Compost - And the Importance of Healthy Soil";"https://www.youtube.com/watch?v=8Z1RVwa8_a4";"il y a 6 ans";
"A Must Have Target for all Vegetable Gardeners";"https://www.youtube.com/watch?v=ovdpw6trfis";"il y a 7 ans";
"A Permaculture Apple Day at our Farm - Sharing Skills and Produce";"https://www.youtube.com/watch?v=xfQgoftKqyQ";"il y a 5 ans";
"A Tour of our Wildflower Hay Meadow";"https://www.youtube.com/watch?v=kZOoQntY4Nw";"il y a 7 ans";
"A Week of an Outdoor Squash Plant - Time Lapse";"https://www.youtube.com/watch?v=f_KxTtTJXTY";"il y a 9 ans";
"A great Rowan tree";"https://www.youtube.com/watch?v=Qek6Ekkd6fc";"il y a 11 ans";
"A look at my Grape vine";"https://www.youtube.com/watch?v=Y_64LVCHJ2k";"il y a 11 ans";
"A look at our cucumber plant";"https://www.youtube.com/watch?v=FnlDawPLzdI";"il y a 11 ans";
"A look at our poultry";"https://www.youtube.com/watch?v=AwhKhUoxAC0";"il y a 11 ans";
"A look on Building Pallet Compost Bins";"https://www.youtube.com/watch?v=lUvc1Bc3bWU";"il y a 9 ans";
"A quick tour round our solar tunnel";"https://www.youtube.com/watch?v=q4VbpKGXQJk";"il y a 11 ans";
"A rare sighting of a Lizard";"https://www.youtube.com/watch?v=h2M-EfBDM38";"il y a 11 ans";
"AMAZING Results from Growing Dried Peas!";"https://www.youtube.com/watch?v=dzn99rxNedI";"il y a 4 ans";
"Abundant & Established Small-Scale Permaculture Food Forest";"https://www.youtube.com/watch?v=zg2LumHLUVA";"il y a 5 ans";
"Abundant Permaculture Kitchen Garden Tour | NO DIG Gardening in May";"https://www.youtube.com/watch?v=CKQWxh0PwTg";"il y a 3 mois";
"Adding Weeds to the Compost - Do's and Don'ts";"https://www.youtube.com/watch?v=uQ2INj2LA8g";"il y a 9 ans";
"Adding sand to compost";"https://www.youtube.com/watch?v=7RvCnES5kos";"il y a 11 ans";
"Alberta Urban Garden an Interview by HuwsNursery - Gardening in Canada";"https://www.youtube.com/watch?v=Ayz1wcHYWto";"il y a 8 ans";
"Amazing No Dig Market Garden Using Terraced Beds | Growing Vegetables, Flowers & Herbs for 50 Homes";"https://www.youtube.com/watch?v=KHPwNbIywFg";"il y a 1 an";
"Amazing Permaculture Raised Bed Vegetable Garden | Combining No Dig Gardening with Poultry";"https://www.youtube.com/watch?v=R0U4XtBSnGo";"il y a 1 an";
"Amazing Raised Bed Kitchen Garden Packed With Food in August";"https://www.youtube.com/watch?v=BwCIFMf6iXk";"il y a 2 semaines";
"Amazing Tiny Vegetable Garden with Year-Round Abundance! | A Mini Permaculture Oasis";"https://www.youtube.com/watch?v=Yp0IyKQXG7w";"il y a 7 mois";
"Amazing Way to Use NETTLES to Improve Seedling Success";"https://www.youtube.com/watch?v=DlLWanDZwuU";"il y a 1 an";
"An Exciting Announcement for All Vegetable Gardeners";"https://www.youtube.com/watch?v=vMfczDZyGhw";"il y a 11 jours";
"An Idea to Help you Find Land for Vegetable Gardening";"https://www.youtube.com/watch?v=_Vqn0pDrGw4";"il y a 4 ans";
"An Uplifting Market Garden Amongst Trees | A Visit to Tap o' Noth Permaculture Homestead";"https://www.youtube.com/watch?v=IlR4WEws_XA";"il y a 7 mois";
"Any help with Identifying this Chili?";"https://www.youtube.com/watch?v=I7flocx2O8Q";"il y a 9 ans";
"Applying Liquid Fertilizer to your Plants correctly";"https://www.youtube.com/watch?v=yOxJmFch8uI";"il y a 9 ans";
"Attracting Beneficial Insects using Flower Borders";"https://www.youtube.com/watch?v=D4Iv_7RC1GU";"il y a 8 ans";
"BEST Method to Propagate Plants - Growing Plants from Cuttings";"https://www.youtube.com/watch?v=6-iQ8QhSHb4";"il y a 9 ans";
"BOOK Announcement and COVER Reveal!";"https://www.youtube.com/watch?v=IN3z1PiVd2s";"il y a 3 ans";
"Beautiful No Dig Permaculture Kitchen Garden | Small-Scale Potager Style Vegetable Garden";"https://www.youtube.com/watch?v=Q8m98ux55i4";"il y a 1 an";
"Beautiful Permaculture Kitchen Garden Tour | HUGE July Harvests";"https://www.youtube.com/watch?v=7X8UiiY2MG0";"il y a 1 mois";
"Best Animal Manure to use to Grow Nutritious Organic Vegetables";"https://www.youtube.com/watch?v=gaKPaOFc07c";"il y a 9 ans";
"Best Herbs for Growing Indoors";"https://www.youtube.com/watch?v=Js2AgP-klDo";"il y a 9 ans";
"Best spacing of vegetables - Maximize your yields";"https://www.youtube.com/watch?v=hl76SmjDL10";"il y a 7 ans";
"Big Vegetable Garden Update (Second year on YouTube Special)";"https://www.youtube.com/watch?v=K0utd1lrf3Y";"il y a 9 ans";
"Blackcurrant cutting 3 years later";"https://www.youtube.com/watch?v=_HUoRuoKDEw";"il y a 11 ans";
"Brix Testing the Nutrient Quality of Homegrown Produce";"https://www.youtube.com/watch?v=I6lJj5I2W2o";"il y a 8 ans";
"Build a Lazy Bed for Growing Food (No Dig Permaculture Raised Bed)";"https://www.youtube.com/watch?v=yE2pLLe2UZA";"il y a 6 ans";
"Busy Garden and Announcements";"https://www.youtube.com/watch?v=-yYjZ5oSFUs";"il y a 7 ans";
"Can I use newspaper in my garden? And more Gardening Q & A's Ep1";"https://www.youtube.com/watch?v=MObKSolfdd0";"il y a 9 ans";
"Can you Grow Food in Tires? (Tyres)";"https://www.youtube.com/watch?v=R8XDne8z6B0";"il y a 6 ans";
"Can you grow vegetables in plastic drink bottles?";"https://www.youtube.com/watch?v=G2sHVXgdeyk";"il y a 7 ans";
"Carrot top experiment results";"https://www.youtube.com/watch?v=IGe4lDGtsXo";"il y a 10 ans";
"Charles Dowding on The Hungry Gap: Annual and Perennial Crop Possibilities";"https://www.youtube.com/watch?v=FbZfTAYDA88";"il y a 3 ans";
"Christmas Giveaway (Closed) + Channel updates";"https://www.youtube.com/watch?v=_4sxBfADq7w";"il y a 7 ans";
"Christmas Special - Huw's Pork and Apple Stuffing";"https://www.youtube.com/watch?v=-yg92L6qFI8";"il y a 8 ans";
"Collecting Plant Material for free Nutrient dense Organic Fertilizers";"https://www.youtube.com/watch?v=KFsrp7M_pYc";"il y a 8 ans";
"Collecting, Preparing and Saving Bulbs for next year";"https://www.youtube.com/watch?v=v2XDzZ3bDAo";"il y a 9 ans";
"Colorful Beetroot and Fresh Yogurt Salad Recipe - 003";"https://www.youtube.com/watch?v=kELhSeIVDTw";"il y a 9 ans";
"Companion planting - Definition and Benefits";"https://www.youtube.com/watch?v=8AMrzVHE8WM";"il y a 8 ans";
"Contest Update, Facebook contests and New Garden!";"https://www.youtube.com/watch?v=_S2rm3obiLo";"il y a 10 ans";
"Contest Winner Announced";"https://www.youtube.com/watch?v=EYE_OuycqD8";"il y a 9 ans";
"Contest is now Closed";"https://www.youtube.com/watch?v=1Py093PgUiI";"il y a 9 ans";
"Crazy growth on Sweet Chestnuts and Rose cutting!";"https://www.youtube.com/watch?v=HTI34OcbM5s";"il y a 10 ans";
"Creamy Leek and Potato Soup - 013";"https://www.youtube.com/watch?v=07Rm5B7bJVA";"il y a 8 ans";
"Create a Multiple Compost Bin System for Efficient Composting";"https://www.youtube.com/watch?v=TipeKCgyd9s";"il y a 6 ans";
"Creating a NEW Apple Variety (Ep.1) - Intro and Seed Prep";"https://www.youtube.com/watch?v=vNd0Sh7emvg";"il y a 3 ans";
"Creating a Vegetable Garden? 3 Things You Can't Afford to Ignore";"https://www.youtube.com/watch?v=H9M8ta8p8Gw";"il y a 2 ans";
"Creating an Endless Supply of Salad over Summer with Minimal Effort";"https://www.youtube.com/watch?v=JYGsOm_XaLI";"il y a 5 ans";
"Custard Apple - Tasting and Growing";"https://www.youtube.com/watch?v=73BFFpJfhXA";"il y a 9 ans";
"Direct Sowing vs Sowing in Modules (The Pros and Cons of both Options)";"https://www.youtube.com/watch?v=s5bc7rSkkPQ";"il y a 4 ans";
"Do THIS If You Want to Be Self-Sufficient in Vegetables";"https://www.youtube.com/watch?v=mtcXjorR40A";"il y a 10 mois";
"Do This With Potatoes To BOOST Soil & Plant Health #Shorts";"https://www.youtube.com/shorts/I5TvNwDeEzU";"il y a 3 mois";
"Does Mulch Reduce Weeding in the Garden and Save Time?";"https://www.youtube.com/watch?v=jt7iTP_j_AI";"il y a 6 ans";
"Dragon Fruit - Tasting and Review";"https://www.youtube.com/watch?v=VNikunV2SaM";"il y a 10 ans";
"EASY Low-Cost Plant Feed to Boost Crop Yields & Health";"https://www.youtube.com/watch?v=EI8BCBDzEbo";"il y a 2 mois";
"EASY Watering Trick for Amazing Tomato Harvests";"https://www.youtube.com/watch?v=BX6NcwH8eH4";"il y a 4 mois";
"ESSENTIAL Autumn Tasks for Highly-Productive Gardens";"https://www.youtube.com/watch?v=mdNini5m6QU";"il y a 10 mois";
"EZ How to Make a Powdery Mildew Spray - Baking Soda Fungicide";"https://www.youtube.com/watch?v=bYJEmUNeWYo";"il y a 9 ans";
"Early November | A Different Kind of Garden Tour";"https://www.youtube.com/watch?v=kTCv5cuHhIA";"il y a 10 mois";
"Early Summer in the Vegetable Garden | What Tasks I'm Focusing on in June";"https://www.youtube.com/watch?v=z18czx2fdzc";"il y a 2 ans";
"Easiest Way to Wash Root Trainers - Tuesday Tips";"https://www.youtube.com/watch?v=wKbbdZLkeQY";"il y a 7 ans";
"Easiest and Cheapest way to Expand your Gardening Knowledge";"https://www.youtube.com/watch?v=uctlQB1WMBc";"il y a 8 ans";
"Easily Grow 100% of Your Year-Round Kale Needs | How to be Self-Sufficient in Kale";"https://www.youtube.com/watch?v=XQWN4BCM6AE";"il y a 1 an";
"Easy way to Propagate Mint from Cuttings - In Water!";"https://www.youtube.com/watch?v=lfLsYiQTD5I";"il y a 10 ans";
"Easy way to grow Herbs from cuttings";"https://www.youtube.com/watch?v=A_47uGZuH-w";"il y a 10 ans";
"Effective Slug Control Method for small-medium Gardens (100% Free and Organic)";"https://www.youtube.com/watch?v=wM9SbwVJahU";"il y a 4 ans";
"Efficient Watering Strategies for your Garden during Hot Weather";"https://www.youtube.com/watch?v=VRK4_rL1Zcs";"il y a 4 ans";
"End of June Vegetable Garden Tour | Permaculture & No Dig Raised Beds";"https://www.youtube.com/watch?v=RATQTsyH8XY";"il y a 1 an";
"Exciting New Channel Announcements";"https://www.youtube.com/watch?v=byELoatreGM";"il y a 9 ans";
"Exquisite Kitchen Garden Supplies Michelin Star Restaurant with No Dig Produce";"https://www.youtube.com/watch?v=JFFuk0D9Xm8";"il y a 7 mois";
"FIRST LOOK! The Vegetable Grower's Handbook | NEW BOOK to Help Unearth Your Garden's Full Potential";"https://www.youtube.com/watch?v=TOE2fAxE2fg";"il y a 7 mois";
"FREE Gardening Resources, News & Updates + 500k Celebration Contest";"https://www.youtube.com/watch?v=ssdGQLYmTUo";"il y a 8 mois";
"FREE Plants and Seeds!!!";"https://www.youtube.com/watch?v=T68H8fka1B4";"il y a 9 ans";
"FREE Slug Control Trick Every Gardener Can Use Today!";"https://www.youtube.com/watch?v=sxqE76AXmlk";"il y a 4 mois";
"FREE! How to get more Tomato Plants from Cuttings";"https://www.youtube.com/watch?v=M4EyvCMK3mg";"il y a 10 ans";
"Finding Hidden Opportunities in the Veg Garden | Ultimate Gardening Skills Series";"https://www.youtube.com/watch?v=E39YwHZeR5Y";"il y a 2 ans";
"First Live! Feat - Liz Zorab (Book Week Special)";"https://www.youtube.com/watch?v=LR1Wb-cOAJ4";"Diffus√© il y a 3 ans";
"Flying our polystyrene model plane";"https://www.youtube.com/watch?v=5eO6FJT6RcM";"il y a 11 ans";
"From DROUGHT to DELUGE | 004";"https://www.youtube.com/watch?v=jtbLPZy1nwM";"il y a 3 ans";
"From Lawn to No Dig Abundance in 5 MONTHS | NEW Productive Kitchen Garden for Minimal Effort";"https://www.youtube.com/watch?v=PW5A2KjfAyU";"il y a 7 mois";
"From Veg to Hedge - A Supplement to Vegetable Gardening";"https://www.youtube.com/watch?v=ieBBhl9Sed4";"il y a 4 ans";
"Fruit and Vegetables to Grow in Shade to Increase Productivity";"https://www.youtube.com/watch?v=xuK_J4U_Xhg";"il y a 5 ans";
"GARDEN TOUR of My No Dig Raised Bed Vegetable Garden in April";"https://www.youtube.com/watch?v=I5xbdIxpPLA";"il y a 4 mois";
"GRASS - The Most Valuable FREE Resource for Growing Food";"https://www.youtube.com/watch?v=FcmR8KbJzH8";"il y a 4 mois";
"Garden Update 2012";"https://www.youtube.com/watch?v=kkZJrIFCdrU";"il y a 10 ans";
"Gardening Q&A Live Chat with Huw and Liz";"https://www.youtube.com/watch?v=gnOJNzXIYbQ";"Diffus√© il y a 2 ans";
"Get Involved and Support my Growing Experiments and Creations";"https://www.youtube.com/watch?v=DiOh9RQxcM8";"il y a 5 ans";
"Grape vine and apple seedling update";"https://www.youtube.com/watch?v=mB5_0G30yEA";"il y a 10 ans";
"Great Tips on growing an Avocado from seed";"https://www.youtube.com/watch?v=xNx0L30VQ3Y";"il y a 9 ans";
"Grow Food For Free - Unboxing AND 5 Tips to Get Started";"https://www.youtube.com/watch?v=xXGDQo_rVvg";"il y a 2 ans";
"Grow Food for Free - Out Now! (30 Second Trailer)";"https://www.youtube.com/watch?v=F0IY-1gIO-A";"il y a 2 ans";
"Grow Seedlings Successfully Using Cardboard Rolls";"https://www.youtube.com/watch?v=CEoow_bAnk8";"il y a 4 ans";
"Grow your own Strawberries at Home - Strawberry indepth plant review";"https://www.youtube.com/watch?v=0KqAr6Hs99Y";"il y a 9 ans";
"Growing 85% of Their Food on UNDER 1 Acre!";"https://www.youtube.com/watch?v=XCegqqbEgfQ";"il y a 3 ans";
"Growing AMAZING Food Affordably Starts with THIS";"https://www.youtube.com/watch?v=JK2fhivHa70";"il y a 1 mois";
"Growing Dragon Fruit from seeds - Transplanting";"https://www.youtube.com/watch?v=K-wCQzmh61M";"il y a 10 ans";
"Growing Edible Wind Barriers to Protect your Vegetable Garden";"https://www.youtube.com/watch?v=7N00ee38FfA";"il y a 6 ans";
"Growing Food is Like a Private Greengrocers - But Better!";"https://www.youtube.com/watch?v=TefYPAzwmY0";"il y a 2 ans";
"Growing Garlic in Containers from Organic Garlic Bulbs";"https://www.youtube.com/watch?v=wRZeDcd4pDI";"il y a 10 ans";
"Growing Lemongrass - Week 1";"https://www.youtube.com/watch?v=HCiL9y-ua1M";"il y a 9 ans";
"Growing Onions - Experiment";"https://www.youtube.com/watch?v=QroXnfmhVTg";"il y a 10 ans";
"Growing Organic Rootstocks from Apple Seeds";"https://www.youtube.com/watch?v=vg4IEIUzM24";"il y a 11 ans";
"Growing Potatoes the Lazy Way FAQs";"https://www.youtube.com/watch?v=LOuQI4OC0RM";"il y a 5 ans";
"Growing Raspberries - How to Train Raspberry Plants for MORE Fruit";"https://www.youtube.com/watch?v=ejcsNU6B5hQ";"il y a 11 ans";
"Growing Squash in Straw/Hay Bales - Sustainable Vegetable Gardening";"https://www.youtube.com/watch?v=jj22sr0YuVM";"il y a 5 ans";
"Growing Tomato Cuttings in Hydroponics (Step by Step)";"https://www.youtube.com/watch?v=zH14uAn8fBs";"il y a 9 ans";
"Growing Tomatoes in Upside Down Containers";"https://www.youtube.com/watch?v=EzSFXquUZtQ";"il y a 10 ans";
"Growing Update + Weekly Videos are Coming Back!";"https://www.youtube.com/watch?v=Z_5L-HorFoU";"il y a 4 ans";
"Growing and Using Comfrey - Perfect Plant for Permaculture Vegetable Gardening";"https://www.youtube.com/watch?v=z5BspGhgNrk";"il y a 6 ans";
"HUGE No Dig Vegetable Gardening Project (Only 6 Months Old!)";"https://www.youtube.com/watch?v=DOCUviqZaiI";"il y a 3 semaines";
"Hand Picking vs Picking with Tools - Which Picks Berries the Fastest?";"https://www.youtube.com/watch?v=WM2DKs9gw7s";"il y a 7 ans";
"Harvesting Garlic and Succession Planting Salads";"https://www.youtube.com/watch?v=S8ivP0opZTE";"il y a 5 ans";
"Harvesting Potatoes Grown in Hay (Ruth Stout Experiment)";"https://www.youtube.com/watch?v=rYEagBNec4M";"il y a 4 ans";
"Harvesting and Freezing Black, Red and Whitecurrants";"https://www.youtube.com/watch?v=_wbEN0oMgGY";"il y a 8 ans";
"Harvesting and Growing Oca - New Zealand Yam";"https://www.youtube.com/watch?v=nh-kz6GxXKs";"il y a 6 ans";
"Harvesting our Jerusalem Artichokes (Sunchokes) and Cooking a Hearty Soup";"https://www.youtube.com/watch?v=ggzmh8wyBXw";"il y a 5 ans";
"Herbal tea recipe for Lemon Balm tea";"https://www.youtube.com/watch?v=bFpjAORDlNE";"il y a 11 ans";
"Honey Bee Importance and Slovenia - World Bee Day Special";"https://www.youtube.com/watch?v=QUrDtxcoTF8";"il y a 4 ans";
"Honey Mango - Tasting and Review";"https://www.youtube.com/watch?v=jnQoOT1rqfI";"il y a 10 ans";
"How Big should my Raised Beds be? Raised-bed Gardening Tips";"https://www.youtube.com/watch?v=gpSUQ6owPhw";"il y a 8 ans";
"How Grass Clippings Saved My Garden #shorts";"https://www.youtube.com/shorts/XREnMKxS1Yg";"il y a 3 semaines";
"How Growing Food can Grow Communities";"https://www.youtube.com/watch?v=II1wEGje7m8";"il y a 7 ans";
"How I Plan to Improve No Dig Gardening";"https://www.youtube.com/watch?v=RXE7kSy_EY4";"il y a 4 mois";
"How No Dig Gardening Reduces Weeds";"https://www.youtube.com/watch?v=E4Z8DiyDa4A";"il y a 1 an";
"How ONE PLANT Can Give You FREE FOOD Forever! (And Plenty of it!)";"https://www.youtube.com/watch?v=L410zfd0IRg";"il y a 3 ans";
"How To Make a Seed Tray out of Pallets | Easy and Low-Cost Pallet Project!";"https://www.youtube.com/watch?v=YlYYkspARXs";"il y a 2 ans";
"How To Prepare Beds Before Sowing & Planting Crops | Outside & Undercover";"https://www.youtube.com/watch?v=xIeY1MgP_A8";"il y a 5 mois";
"How To Propagate Blackberries Easily by Layering (and other berries)";"https://www.youtube.com/watch?v=QgI5Edzkd80";"il y a 6 ans";
"How does pH affect the Growth of Plants?";"https://www.youtube.com/watch?v=tAZZYg3JrnM";"il y a 7 ans";
"How often do you have to clean a Worm Farm? And more Gardening Q & A's Ep2";"https://www.youtube.com/watch?v=YVgrlsOZVvI";"il y a 8 ans";
"How to 'Pinch out' your Tomato plants - Removing Suckers";"https://www.youtube.com/watch?v=8frq1mY4zIU";"il y a 10 ans";
"How to BUILD, FILL and PLANT a Raised Bed | Grow Your Own Food";"https://www.youtube.com/watch?v=2DDKLkaVcgI";"il y a 2 ans";
"How to Build Soil over Winter Ready for Spring to Grow Amazing Vegetables";"https://www.youtube.com/watch?v=SbUUHJpHSDs";"il y a 5 ans";
"How to Build a Raised Bed for Growing Vegetables";"https://www.youtube.com/watch?v=tJZZMlDclE4";"il y a 3 ans";
"How to Build a Raised Bed from 1 Pallet! (FREE and Easy)";"https://www.youtube.com/watch?v=ya7r420KQZs";"il y a 3 ans";
"How to Build a Strong and Sturdy Bean Structure";"https://www.youtube.com/watch?v=U31vg2I5K8E";"il y a 7 ans";
"How to Build a Vertical Strawberry Tower - 24 Plants in 4sq Feet!";"https://www.youtube.com/watch?v=7ypSeAM-WPw";"il y a 8 ans";
"How to Collect and Save Rose Seeds";"https://www.youtube.com/watch?v=j5Kbl7NvTyA";"il y a 9 ans";
"How to Conserve Water in your Vegetable Garden - Water Wisely";"https://www.youtube.com/watch?v=WKg4mdq933I";"il y a 6 ans";
"How to Cook Fresh Cheesy Beans/Cooking Week - 004";"https://www.youtube.com/watch?v=kNQV1WcnV8g";"il y a 9 ans";
"How to Create a Low-Cost Water Storage System for Your Vegetable Garden";"https://www.youtube.com/watch?v=CL1YE_QhHp4";"il y a 1 an";
"How to Create a Planting Plan for Year-Round Food Abundance | Complete Guide";"https://www.youtube.com/watch?v=nkjeSJQWhZc";"il y a 2 ans";
"How to Create an Abundance of Earthworms in Your Garden";"https://www.youtube.com/watch?v=1b8D-wwyxpk";"il y a 7 ans";
"How to Cut and Peel a Pomelo (and taste test)";"https://www.youtube.com/watch?v=FCbCRW9U5Hk";"il y a 9 ans";
"How to Divide Ornamental Grasses";"https://www.youtube.com/watch?v=qtPEUeCZoPg";"il y a 10 ans";
"How to Easily Deal with Weeds in your Garden";"https://www.youtube.com/watch?v=0i6B4ip6pAk";"il y a 2 ans";
"How to Easily Plant Out Cucumbers, Pumpkins, Zucchinis and other Squashes";"https://www.youtube.com/watch?v=GrdyGB17hhE";"il y a 7 ans";
"How to Easily keep your Garden down on Slugs - Organically";"https://www.youtube.com/watch?v=DURRRh9jndY";"il y a 8 ans";
"How to Easily make Apple Juice in a Press";"https://www.youtube.com/watch?v=2uHqN-06GpA";"il y a 7 ans";
"How to Eat Nettles without getting Stung";"https://www.youtube.com/watch?v=Jy9yyMjtWWQ";"il y a 9 ans";
"How to Effectively Control Slugs Without Chemicals!";"https://www.youtube.com/watch?v=2bB6XBr8K-Q";"il y a 9 ans";
"How to Get Children to Grow their own Food";"https://www.youtube.com/watch?v=VFrWEkE1rtI";"il y a 9 ans";
"How to Get Fantastic Results From Direct Sowing";"https://www.youtube.com/watch?v=KyaUtbFZhrY";"il y a 1 an";
"How to Grow AMAZING Peas - From Planting to Harvesting";"https://www.youtube.com/watch?v=qpeQwcmfYFU";"il y a 6 ans";
"How to Grow Apple Trees from Seed";"https://www.youtube.com/watch?v=3b3ynNADudQ";"il y a 10 ans";
"How to Grow Broad Beans for Maximum Production (Fava Beans)";"https://www.youtube.com/watch?v=46vsP5ZbIM0";"il y a 6 ans";
"How to Grow Food WITHOUT Compost | Zero-Cost Solutions for Short-Term Vegetable Gardening Success";"https://www.youtube.com/watch?v=s7iu4xgSu1Y";"il y a 2 ans";
"How to Grow Garlic | Simple Steps for HUGE Yields";"https://www.youtube.com/watch?v=FmCBTd_qCh0";"il y a 10 mois";
"How to Grow Kale and Other Brassicas from Seed - Easy Guide";"https://www.youtube.com/watch?v=ZHQrfv690ps";"il y a 5 ans";
"How to Grow Nasturtuims From Seed";"https://www.youtube.com/watch?v=a2Jou3t4-Dc";"il y a 8 ans";
"How to Grow Parsley from Seed - Organic Vegetable Gardening";"https://www.youtube.com/watch?v=xNnEyhN0odo";"il y a 8 ans";
"How to Grow Pea Shoots - EASY and PRODUCTIVE!";"https://www.youtube.com/watch?v=2g0nPefaMhQ";"il y a 4 ans";
"How to Grow Peas from Seed - Organic Vegetable Gardening";"https://www.youtube.com/watch?v=bRqd6hLbOnY";"il y a 8 ans";
"How to Grow Peas | The Simple Guide to a Fantastic Harvest";"https://www.youtube.com/watch?v=qHThKr2swhc";"il y a 2 ans";
"How to Grow Potatoes the Lazy Way (You'll Never Need to Dig Again!)";"https://www.youtube.com/watch?v=pk0vhqSarYU";"il y a 6 ans";
"How to Grow Radishes (and get Continuous Harvests)";"https://www.youtube.com/watch?v=fKVdpdOcO9Y";"il y a 5 ans";
"How to Grow Radishes from Seed";"https://www.youtube.com/watch?v=9UlLcUf-JCA";"il y a 10 ans";
"How to Grow Rhubarb from Seed for Productive Plants";"https://www.youtube.com/watch?v=50UFZ6II1R8";"il y a 6 ans";
"How to Grow Roses from Cuttings - Cloning Rose Propagation";"https://www.youtube.com/watch?v=BkLNreH0YBo";"il y a 11 ans";
"How to Grow Sunchokes (Jerusalem Artichokes) from Tubers";"https://www.youtube.com/watch?v=yyJvg6ZMGfU";"il y a 7 ans";
"How to Grow Super Hot Pepper Seeds EZ!";"https://www.youtube.com/watch?v=GdiSdjdUjA0";"il y a 9 ans";
"How to Grow Swiss Chard in Abundance";"https://www.youtube.com/watch?v=wxvQz8jZVwk";"il y a 5 ans";
"How to Grow Vegetables Cheaply in Cardboard Boxes";"https://www.youtube.com/watch?v=xUiUMwIDPrM";"il y a 9 ans";
"How to Grow Vegetables Cheaply";"https://www.youtube.com/watch?v=XQUN4EFC6uk";"il y a 7 ans";
"How to Grow Vegetables Upside Down!";"https://www.youtube.com/watch?v=0KC_OsZazl8";"il y a 10 ans";
"How to INCREASE Your Garden PRODUCTIVITY with Strategic Thinking";"https://www.youtube.com/watch?v=rwsmK3bB8ug";"il y a 3 ans";
"How to Identify and Remove Canker from Apple Trees";"https://www.youtube.com/watch?v=lnZiupuI1V0";"il y a 5 ans";
"How to Know when Corn is Ready for Harvesting";"https://www.youtube.com/watch?v=Yy5K-IUD0-0";"il y a 8 ans";
"How to Look After Your Vegetable Seedlings for Big Harvests";"https://www.youtube.com/watch?v=1EY-9kyP7S0";"il y a 1 an";
"How to Make American Blackcurrant Tart/Cooking Week - 006";"https://www.youtube.com/watch?v=5NkEknxeUFI";"il y a 9 ans";
"How to Make Chocolate Courgette (Zucchini) Loaf - 010";"https://www.youtube.com/watch?v=SrDGztEaH9A";"il y a 8 ans";
"How to Make Cider at home";"https://www.youtube.com/watch?v=Tc3xNOUH_dk";"il y a 10 ans";
"How to Make Great Guacamole at Home EZ! - 011";"https://www.youtube.com/watch?v=V6DdJ2lM_oo";"il y a 8 ans";
"How to Make Leaf Mold - Improve your Garden Soil";"https://www.youtube.com/watch?v=bN2htdBy3e8";"il y a 8 ans";
"How to Make Potato Wedges and Dip/Cooking Week - 009";"https://www.youtube.com/watch?v=IUbtyiIhPeI";"il y a 9 ans";
"How to Make Sweet Blackcurrant Jam/Cooking Week - 008";"https://www.youtube.com/watch?v=r9LHwKu3n8g";"il y a 9 ans";
"How to Make Vegetable Korma/Cooking Week - 005";"https://www.youtube.com/watch?v=npGFq6VFHOI";"il y a 9 ans";
"How to Make a Compost Bin the Easy Way from Pallets (feat. Jack Monroe)";"https://www.youtube.com/watch?v=RJcPKtVPuIE";"il y a 2 ans";
"How to Make a Perfect Omelette Fast!";"https://www.youtube.com/watch?v=oYUTPKcvtDU";"il y a 11 ans";
"How to Make a simple Organic Insecticide Spray (Aphids, Blackfly, Whitefly etc)";"https://www.youtube.com/watch?v=gguH5_uzW_I";"il y a 9 ans";
"How to Make an Easy Self-Watering Container for Herbs and Vegetables";"https://www.youtube.com/watch?v=Ud5ludWsLX4";"il y a 9 ans";
"How to Make an Organic Root Hromone for rooting Plants";"https://www.youtube.com/watch?v=oM1O4XyLwE0";"il y a 11 ans";
"How to Make you Hot Peppers even Hotter in 3 Spicy Steps";"https://www.youtube.com/watch?v=k9sb-XQxPkM";"il y a 8 ans";
"How to Organically Control Pests by Growing Decoy Plants (Trap Crops)";"https://www.youtube.com/watch?v=HxKNl_9ZfuM";"il y a 7 ans";
"How to Organically Mulch and Fertilize your Garden to Grow Better Food";"https://www.youtube.com/watch?v=BR_PJtj-lWQ";"il y a 6 ans";
"How to PREVENT your Tomatoes from SPLITTING as they RIPEN";"https://www.youtube.com/watch?v=pJDQxMbHHm0";"il y a 4 ans";
"How to Pick Fruit high up on Trees";"https://www.youtube.com/watch?v=5miAY8ASASs";"il y a 7 ans";
"How to Prepare Hardy Vegetables to THRIVE during a COLD Winter";"https://www.youtube.com/watch?v=4QQZBuHCAco";"il y a 3 ans";
"How to Prevent Blackfly from Destroying Broad Bean Plants";"https://www.youtube.com/watch?v=3dGZ5X3BRSI";"il y a 6 ans";
"How to Propagate Comfrey - 2 Great Methods";"https://www.youtube.com/watch?v=KMdiDcLwthk";"il y a 9 ans";
"How to Propagate Forsythia from Hardwood Cuttings";"https://www.youtube.com/watch?v=3yte7pIbtwI";"il y a 9 ans";
"How to Propagate Forsythia from Softwood Cuttings";"https://www.youtube.com/watch?v=s8FYj7_hjoI";"il y a 10 ans";
"How to Propagate Geraniums from Cuttings - Autumn edition";"https://www.youtube.com/watch?v=XXOPWMBy0wo";"il y a 9 ans";
"How to Propagate Geraniums from Cuttings";"https://www.youtube.com/watch?v=28N4nSpV_u4";"il y a 10 ans";
"How to Propagate Grape Vines from Hardwood Cuttings Successfully";"https://www.youtube.com/watch?v=0Lwy-dAQ9j4";"il y a 6 ans";
"How to Propagate Grape Vines from semi-ripe cuttings";"https://www.youtube.com/watch?v=hVzmQWz9-3k";"il y a 10 ans";
"How to Propagate Roses from Cuttings - 3 Simple Methods to Propagate them from Cuttings";"https://www.youtube.com/watch?v=qu46Ao5cC4k";"il y a 10 ans";
"How to Propagate willow from semi-ripe cuttings";"https://www.youtube.com/watch?v=9cqQhFkrptM";"il y a 10 ans";
"How to Protect your Plants from Frost (Cold Weather)";"https://www.youtube.com/watch?v=7qo_PACeqyk";"il y a 8 ans";
"How to Prune Blackcurrant Bushes";"https://www.youtube.com/watch?v=bb-w7twPW2s";"il y a 8 ans";
"How to Prune Established Apple Trees";"https://www.youtube.com/watch?v=_Vbg5b-6jx8";"il y a 8 ans";
"How to Prune an Avocado seedling";"https://www.youtube.com/watch?v=5yb99EfOrHo";"il y a 9 ans";
"How to STOP Buying Compost (Tips For Compost Self-Sufficiency)";"https://www.youtube.com/watch?v=xbwVlBzAGZU";"il y a 2 jours";
"How to Save Big Money by Growing Food (A Complete Guide)";"https://www.youtube.com/watch?v=2MbVxixLCgU";"il y a 8 ans";
"How to Save Effort and Grow Better Food Simultaneously - Tuesday tips";"https://www.youtube.com/watch?v=wcgN2FYpAW4";"il y a 7 ans";
"How to Save Money by growing High-Value Vegetables";"https://www.youtube.com/watch?v=bEY_1ZdVh2o";"il y a 7 ans";
"How to Save Seeds - Honesty";"https://www.youtube.com/watch?v=_CxrTzFI4y8";"il y a 10 ans";
"How to Save Tomato Seeds from your own Tomatoes";"https://www.youtube.com/watch?v=aY6gONHzYJA";"il y a 8 ans";
"How to Save your Potato Crop if you get Blight";"https://www.youtube.com/watch?v=Sl9vazp2hDE";"il y a 5 ans";
"How to Separate an Egg White from a Yolk in 5 seconds!";"https://www.youtube.com/watch?v=kV3zNbqbSZ0";"il y a 8 ans";
"How to Sow Seeds in Modules the No-Nonsense Way";"https://www.youtube.com/watch?v=jhuPz6cLFV4";"il y a 1 an";
"How to Start Growing Your Own Food | What to Focus on First";"https://www.youtube.com/watch?v=e1YYvv6Ko3E";"il y a 2 ans";
"How to Start Saving Seeds from Your Vegetable Garden | Seed Saving Made Easy";"https://www.youtube.com/watch?v=EtsNG60u5r8";"il y a 2 ans";
"How to Start Scything - Recommended Method";"https://www.youtube.com/watch?v=SXnPG8_2VLE";"il y a 6 ans";
"How to Successfully Grow Potatoes - Organic Vegetable Gardening";"https://www.youtube.com/watch?v=r5oBHdZCZp4";"il y a 8 ans";
"How to TRANSFORM your LAWN into a FOOD FOREST!";"https://www.youtube.com/watch?v=oLTGjiYHHbI";"il y a 4 ans";
"How to Tackle Problems in the Vegetable Garden | Ultimate Gardening Skills Series";"https://www.youtube.com/watch?v=fw7GUVq0rwc";"il y a 1 an";
"How to Take Cuttings using the Aero-Pot (Aeroponics)";"https://www.youtube.com/watch?v=AwaFbCbi4pg";"il y a 9 ans";
"How to Train Blackberries and other Trailing Berries for Maximum Yields";"https://www.youtube.com/watch?v=_hIub6XXvmI";"il y a 5 ans";
"How to Train a Tomato Plant to get more Fruits (Great for small-space Growing)";"https://www.youtube.com/watch?v=AoqQ8PmiX1s";"il y a 11 ans";
"How to Transplant an Avocado seed";"https://www.youtube.com/watch?v=3UnzklMJwW4";"il y a 10 ans";
"How to Transplant your Rooted Rose cuttings";"https://www.youtube.com/watch?v=hVte8y0tTQk";"il y a 10 ans";
"How to Use Mulch in the Veg Garden to Build Healthy Soil and Grow Healtheir Vegetables";"https://www.youtube.com/watch?v=7c2zA48M084";"il y a 2 ans";
"How to clear around an apple tree";"https://www.youtube.com/watch?v=7kNO_c2_mPo";"il y a 11 ans";
"How to draw a tree freehand";"https://www.youtube.com/watch?v=ObOcC6ZxeHo";"il y a 11 ans";
"How to draw foliage";"https://www.youtube.com/watch?v=V8MHcW0s2Ok";"il y a 11 ans";
"How to dry fresh Herbs";"https://www.youtube.com/watch?v=99bEPueBT-4";"il y a 10 ans";
"How to eat Rose Hips - Important Tip";"https://www.youtube.com/watch?v=i0CGenlJ80s";"il y a 9 ans";
"How to get Extra from Your Vegetable Garden | Harvesting Tips";"https://www.youtube.com/watch?v=Jzebt1IxsnQ";"il y a 2 ans";
"How to get rid of fruit tree canker";"https://www.youtube.com/watch?v=pg7G7Cuox7E";"il y a 10 ans";
"How to grow Beetroot from seed";"https://www.youtube.com/watch?v=Uk_YzY_CPpY";"il y a 10 ans";
"How to grow Broad Beans from seeds - Easy Steps";"https://www.youtube.com/watch?v=cEK4eZFdB0U";"il y a 10 ans";
"How to grow Cabbages, Sprouts and Kale from Seed";"https://www.youtube.com/watch?v=4xW3WvS-BI8";"il y a 10 ans";
"How to grow Caigua from seeds";"https://www.youtube.com/watch?v=EN0WOskK9Cs";"il y a 10 ans";
"How to grow Loquats from seed";"https://www.youtube.com/watch?v=1NJf77zzBLo";"il y a 10 ans";
"How to grow Oak trees from Acorns";"https://www.youtube.com/watch?v=0NjxHci_H98";"il y a 10 ans";
"How to grow Parsnips from seed";"https://www.youtube.com/watch?v=NsF9ZgB2BIs";"il y a 10 ans";
"How to grow Shallots in Water";"https://www.youtube.com/watch?v=yki54bBCPgs";"il y a 9 ans";
"How to grow a Lemon Tree from Seed";"https://www.youtube.com/watch?v=sNagxZB1XqE";"il y a 10 ans";
"How to grow a Plum/Peach Tree from seeds";"https://www.youtube.com/watch?v=eQr4WIbJskU";"il y a 10 ans";
"How to identify a Hazel tree";"https://www.youtube.com/watch?v=bpDt1HObzXU";"il y a 11 ans";
"How to light a Chiminea";"https://www.youtube.com/watch?v=ulNceEms9wo";"il y a 11 ans";
"How to light a kelly/storm kettle";"https://www.youtube.com/watch?v=PCspYmXXNuQ";"il y a 10 ans";
"How to make BUNS out of Potatoes - Yes Really!";"https://www.youtube.com/watch?v=Srq7W6slb_U";"il y a 9 ans";
"How to make Bird sounds using only your Hands";"https://www.youtube.com/watch?v=mghLlGieR6I";"il y a 11 ans";
"How to make Hanging Planters from Tin Cans";"https://www.youtube.com/watch?v=-e6QkyrJirA";"il y a 9 ans";
"How to make Liquid Manure for your Plants";"https://www.youtube.com/watch?v=JT1G2KDg3_I";"il y a 11 ans";
"How to make Logs from newspaper - Save the Planet (free fuel!)";"https://www.youtube.com/watch?v=v-Yhq6NUdQg";"il y a 11 ans";
"How to make Newspaper pots for seeds (2 methods)";"https://www.youtube.com/watch?v=sdQ1j3cIemE";"il y a 10 ans";
"How to make Organic Nettle Plant Fertilizer";"https://www.youtube.com/watch?v=xjgU2xciE-o";"il y a 11 ans";
"How to make Rhubarb Fool - Straight from the Garden! 001";"https://www.youtube.com/watch?v=OGfEPC-cobg";"il y a 9 ans";
"How to make Seed Packets - No glue or tape needed!";"https://www.youtube.com/watch?v=BIWDTKTDw4A";"il y a 9 ans";
"How to make a Compost Scoop out of a Milk Carton";"https://www.youtube.com/watch?v=9274wCgajaI";"il y a 9 ans";
"How to make a Delicious Strawberry and Banana Smoothie - 002";"https://www.youtube.com/watch?v=Dl5HB70Nfow";"il y a 9 ans";
"How to make a Filling 'Farmers Breakfast' (Bauernfr√ºhst√ºck) - 012";"https://www.youtube.com/watch?v=b83urlOxdvs";"il y a 8 ans";
"How to make a Nutritious Tea from Nettles";"https://www.youtube.com/watch?v=2qQSB0luBRY";"il y a 9 ans";
"How to make a Worm Farm under $5 - Cheap, Simple and Effective";"https://www.youtube.com/watch?v=-DTsex06ppE";"il y a 10 ans";
"How to make a hay tripod";"https://www.youtube.com/watch?v=AvkI3xYJbU4";"il y a 11 ans";
"How to make pots out of recycling";"https://www.youtube.com/watch?v=KvSkg2JZkz4";"il y a 11 ans";
"How to pot on a sapling";"https://www.youtube.com/watch?v=7AjlUDaJGf8";"il y a 11 ans";
"How to prevent Strawberries from rotting - Easily!";"https://www.youtube.com/watch?v=SQAVk4Zvr4k";"il y a 10 ans";
"How to prune a 1 year old Rose";"https://www.youtube.com/watch?v=1d7V5QPZoCM";"il y a 10 ans";
"How to quickly Protect Strawberries from Birds";"https://www.youtube.com/watch?v=F769WhSFMlY";"il y a 10 ans";
"How to quickly increase Crop Production by thinning Apples";"https://www.youtube.com/watch?v=o3_7_gKCkuA";"il y a 8 ans";
"How to save Parsnip Seeds for Growing next year";"https://www.youtube.com/watch?v=mpnjhZrJZq8";"il y a 9 ans";
"How to sketch a tree";"https://www.youtube.com/watch?v=xmYBInzAkm8";"il y a 11 ans";
"How to start a small Plant Nursery - Part 1 (Basics)";"https://www.youtube.com/watch?v=OeAELQxDz0U";"il y a 10 ans";
"How to start a small Plant Nursery - Part 2 (Getting started in a matter of weeks)";"https://www.youtube.com/watch?v=TKjoAW4nZwU";"il y a 10 ans";
"How to start a small Plant Nursery - Part 3 (Selling tactics)";"https://www.youtube.com/watch?v=QhRRYblM4qE";"il y a 9 ans";
"How to stop Pepper Flowers Falling off";"https://www.youtube.com/watch?v=JuRbTyiHOVs";"il y a 9 ans";
"How to use Honey for Rooting Cuttings";"https://www.youtube.com/watch?v=fyQX9kUAohk";"il y a 10 ans";
"How to use willow rooting stimulator";"https://www.youtube.com/watch?v=sLXehFAtYeE";"il y a 11 ans";
"How we Fill our Raised Beds for FREE";"https://www.youtube.com/watch?v=BhzlI1bu2GU";"il y a 7 ans";
"Hugely Productive No Dig Kitchen Garden | Inspiring Raised Bed Growing";"https://www.youtube.com/watch?v=2YJz4EeqcBc";"il y a 8 mois";
"HuwsNursery - A new Season, A new Beginning";"https://www.youtube.com/watch?v=Gio0gRvjh44";"il y a 9 ans";
"HuwsNursery in 2018";"https://www.youtube.com/watch?v=3sq4_iiaR1k";"il y a 4 ans";
"HuwsNursery theme tune";"https://www.youtube.com/watch?v=WFGk-BQ_vlY";"il y a 10 ans";
"HuwsNursery's 1st Contest";"https://www.youtube.com/watch?v=-A3rjmFcjtc";"il y a 10 ans";
"HuwsNursery's 1st year anniversary - The best year of my life!";"https://www.youtube.com/watch?v=FFwU9qMVUcA";"il y a 10 ans";
"If I Were Starting a Vegetable Garden in 2022, This is What I'd Do (7 Steps)";"https://www.youtube.com/watch?v=F3vTU6W4MNc";"il y a 6 mois";
"Impressive Vegetable Garden & Permaculture Food Forest Created During Lockdown!";"https://www.youtube.com/watch?v=YivCVgCmPZM";"il y a 7 mois";
"Improve Your Vegetable Garden's Food Abundance | Ideas and Skills That Make a Difference";"https://www.youtube.com/watch?v=9RmwHWM_Gq4";"il y a 2 ans";
"Incredible Abundance in an Extreme Climate (Undercover Permaculture)";"https://www.youtube.com/watch?v=lSpRMtIXpbs";"il y a 3 ans";
"Incredible Permaculture Food Forest Project in Breathtaking Landscape";"https://www.youtube.com/watch?v=u6OHPNQvxd0";"il y a 6 mois";
"Incredible Permaculture Kitchen Garden Tour | August No Dig Homegrown Abundance";"https://www.youtube.com/watch?v=ESYK-tW2UmI";"il y a 1 an";
"Incredibly Productive No Dig Garden (Charles Dowding's 1/4 Acre of Abundance)";"https://www.youtube.com/watch?v=XCAAL1saPzM";"il y a 5 ans";
"Inspirational Permaculture in Slovenia | Food Forest in an Eco Glamping Village";"https://www.youtube.com/watch?v=QSOeX4axqjg";"il y a 4 ans";
"Inspirational Small-Scale Permaculture Homestead | Low Cost Self-Sufficiency on Less Than an Acre";"https://www.youtube.com/watch?v=ZvkN4BvLjyc";"il y a 1 an";
"Interview with Brock Hughes - Hydroponics in British Columbia";"https://www.youtube.com/watch?v=3f9xgSlm-38";"il y a 7 ans";
"Invaluable PEST CONTROL Tips for the Veg Garden | Easy and Effective Permaculture Approach";"https://www.youtube.com/watch?v=4xGiS356op8";"il y a 2 ans";
"Kitchen Garden Fermentation Course | The Complete Introduction for Gardeners";"https://www.youtube.com/watch?v=2IuefY80yYM";"il y a 11 mois";
"Late July Tour of our 100% Organic Kitchen Garden (Only Feed is Compost)";"https://www.youtube.com/watch?v=_6CovELQUi0";"il y a 3 ans";
"Learn How to Create the Easiest Berry Holder for Free";"https://www.youtube.com/watch?v=8fu2bqoxA94";"il y a 7 ans";
"Living the Self-Sufficiency Dream on a Tiny Homestead | Organic & Permaculture Abundance";"https://www.youtube.com/watch?v=V0XhRr3K2U8";"il y a 2 ans";
"Look at my Grape Vine cuttings!";"https://www.youtube.com/watch?v=m8RxL9bTSfQ";"il y a 10 ans";
"Make Compost from Your Garden Pathways | No Compost Bins Needed!";"https://www.youtube.com/watch?v=7vAwurGpl-M";"il y a 3 mois";
"Making our 2nd hay tripod";"https://www.youtube.com/watch?v=Zsk6ga-uCEU";"il y a 10 ans";
"Massively Productive Small-Scale Suburban Vegetable Garden | Backyard Self-Sufficiency on a Budget";"https://www.youtube.com/watch?v=4XraLIgNfTc";"il y a 1 an";
"Merry Christmas!";"https://www.youtube.com/watch?v=CbDZ0_Oqkks";"il y a 9 ans";
"My Propagation Setup for Annual Vegetables - Compost, Watering, Space etc";"https://www.youtube.com/watch?v=JqODyqSnbKk";"il y a 3 ans";
"My best pieces of ARTWORK!!!";"https://www.youtube.com/watch?v=Y8zejs4W_w4";"il y a 11 ans";
"My first Citrus seedlings";"https://www.youtube.com/watch?v=X_JY9UxOA9M";"il y a 10 ans";
"My first avocado seed that I've planted";"https://www.youtube.com/watch?v=-UW_Gk6sP1U";"il y a 10 ans";
"My first leaves of my soft fruit cuttings!";"https://www.youtube.com/watch?v=ZM6-gObgJJc";"il y a 10 ans";
"My personal favorite Fruit to Grow in the Shade";"https://www.youtube.com/watch?v=zixh0KyUleE";"il y a 8 ans";
"My skiing trip in Niederau";"https://www.youtube.com/watch?v=oOyPuOa22ps";"il y a 10 ans";
"My sprouting conkers";"https://www.youtube.com/watch?v=NsY7RX39gAo";"il y a 10 ans";
"NEVER Buy Salad Again - How to Be Self-Sufficient in Salad & Save Money";"https://www.youtube.com/watch?v=sZnCfSx8XbE";"il y a 4 mois";
"NO DIG Gardening Explained in 6 Minutes";"https://www.youtube.com/watch?v=jWqoJWrnsc4";"il y a 11 mois";
"Natural PEST CONTROL Tricks for Vegetable Garden Success";"https://www.youtube.com/watch?v=Xh7i7oTE8Ho";"il y a 1 mois";
"New Project: Adapting the Ruth Stout Method for the UK Climate";"https://www.youtube.com/watch?v=wQ5BK1RUndY";"il y a 4 ans";
"New Series! Pepper Growing Series";"https://www.youtube.com/watch?v=617sA13ccYg";"il y a 10 ans";
"Observe and Interact | Ultimate Gardening Skills Series";"https://www.youtube.com/watch?v=bhJRUBE2BBE";"il y a 2 ans";
"One MILLION views - Things coming soon and a Fun Contest!";"https://www.youtube.com/watch?v=OSGFRWoTY1E";"il y a 8 ans";
"One Marjoram Per Household - HuwsNursery's Bee Campaign";"https://www.youtube.com/watch?v=6A8CHPc8FgM";"il y a 10 ans";
"One Thing Every Gardener Should do in August | Grow More Food & Build Healthier Soil";"https://www.youtube.com/watch?v=htUOYHtp0IA";"il y a 2 ans";
"OneYardRevolution an Interview by HuwsNursery";"https://www.youtube.com/watch?v=eZO31h8E2Lk";"il y a 8 ans";
"Onion Experiment Part 2 - Transplant and growth";"https://www.youtube.com/watch?v=qfZoBCeELyk";"il y a 10 ans";
"Our 3 Most Productive Soft Fruit Varieties of 2016";"https://www.youtube.com/watch?v=7mLHnn_ow1M";"il y a 6 ans";
"Our best crop of Damsons";"https://www.youtube.com/watch?v=PT4PFWS5cPk";"il y a 11 ans";
"Our flower border";"https://www.youtube.com/watch?v=fcEn3gJxf_Q";"il y a 11 ans";
"Our habitat pile";"https://www.youtube.com/watch?v=aUzHtgoE2J8";"il y a 11 ans";
"Passion Fruit Review";"https://www.youtube.com/watch?v=YXYuehKL2MI";"il y a 9 ans";
"Patience is Paramount (We Don't Need to Rush Gardening)";"https://www.youtube.com/watch?v=PRKeTW0BETg";"il y a 3 ans";
"Permaculture Kitchen Garden Tour in March | No Dig Beds in Springtime";"https://www.youtube.com/watch?v=XZjRywNd8Hg";"il y a 5 mois";
"Plant propagation from softwood cuttings";"https://www.youtube.com/watch?v=jzg5uvmFwKA";"il y a 11 ans";
"Planting out the Rain Gutter grown Peas";"https://www.youtube.com/watch?v=Ha7FKFFkEfk";"il y a 8 ans";
"Poly Pots - Easiest pots to plant stuff in!";"https://www.youtube.com/watch?v=nHlKxvXJJfg";"il y a 11 ans";
"Polyculture Planting | Incredible Way to Increase Production in a Small Space Vegetable Garden";"https://www.youtube.com/watch?v=EhY4saekvnk";"il y a 2 ans";
"Precious No Dig Harvests in March As Seed Sowing Commences";"https://www.youtube.com/watch?v=WeIjatjV36A";"il y a 6 mois";
"Preparing our Vegetable Garden for Winter";"https://www.youtube.com/watch?v=BSF_cLjeC-k";"il y a 4 ans";
"Productive Edible Permaculture Garden Tourüå±";"https://www.youtube.com/watch?v=K4lY9GPmS7Q";"il y a 2 mois";
"Productive NO DIG Vegetable Gardening in Raised Beds with Sides";"https://www.youtube.com/watch?v=28w3AeiocYA";"il y a 1 an";
"Proof that Rose Cuttings Root";"https://www.youtube.com/watch?v=lhuc8t5ngs0";"il y a 11 ans";
"Propagating Blackcurrants from hardwood cuttings";"https://www.youtube.com/watch?v=44BFFBr9kik";"il y a 10 ans";
"Propagating Cotoneaster from cuttings";"https://www.youtube.com/watch?v=8O3qbvOjTt8";"il y a 11 ans";
"Propagating Cotton Lavender from cuttings";"https://www.youtube.com/watch?v=sZf7DXH-Qmo";"il y a 11 ans";
"Propagating Golden Marjoram Pt 2";"https://www.youtube.com/watch?v=ncUjJMHDXuE";"il y a 11 ans";
"Propagating Golden Marjoram from cuttings";"https://www.youtube.com/watch?v=vERu2IHfNTQ";"il y a 11 ans";
"Propagating Grapes - Hardwood Cuttings";"https://www.youtube.com/watch?v=M1jbFls__LE";"il y a 10 ans";
"Propagating Honeysuckle from Softwood Cuttings";"https://www.youtube.com/watch?v=lxUeISTz9x8";"il y a 11 ans";
"Propagating Lavender Pt 2";"https://www.youtube.com/watch?v=b8ysvUJG_og";"il y a 11 ans";
"Propagating Lavender from cuttings/growing Lavender cuttings";"https://www.youtube.com/watch?v=gedCqVYaq-E";"il y a 11 ans";
"Propagating Lemon Balm from cuttings";"https://www.youtube.com/watch?v=MlAhwtMjGlU";"il y a 11 ans";
"Propagating Redcurrants and Whitecurrants from hardwood cuttings";"https://www.youtube.com/watch?v=ib1G5Vdn4N8";"il y a 10 ans";
"Propagating Soapwort from cuttings";"https://www.youtube.com/watch?v=cavQIhvYtok";"il y a 11 ans";
"Propagating Spirea from cuttings";"https://www.youtube.com/watch?v=kWkvNEov0ZM";"il y a 10 ans";
"Propagation update 17/8/11";"https://www.youtube.com/watch?v=CiT_iF_hEh8";"il y a 11 ans";
"Propagation update 30-8-11";"https://www.youtube.com/watch?v=tuo68EVa9fo";"il y a 11 ans";
"Propagation uptade 8/8/11";"https://www.youtube.com/watch?v=MbGmhJUhA5o";"il y a 11 ans";
"Prune your Blackcurrants in No Time with the 3-Step Method!";"https://www.youtube.com/watch?v=lSsVh3JU_1I";"il y a 4 ans";
"Reduce Plastic Use in the Garden - Easy Tips, Tricks & Ideas";"https://www.youtube.com/watch?v=SrLDWgGzngk";"il y a 3 ans";
"Reflection of 2014 and my Goals for this Year";"https://www.youtube.com/watch?v=TSlMv9NFDsk";"il y a 7 ans";
"Regenerating Dead and Dry Soil in Minutes (Ready for Growing Food)";"https://www.youtube.com/watch?v=NGzcvarmZgk";"il y a 3 ans";
"Regrets from Last Growing Season Must Stop! The 2019 Mindset";"https://www.youtube.com/watch?v=1xhIT-qOlEw";"il y a 3 ans";
"Replenishing Your Garden Soil for Vegetable Abundance";"https://www.youtube.com/watch?v=EKAQd5-GOJI";"il y a 4 ans";
"Rose cutting update - mid Febuary";"https://www.youtube.com/watch?v=2mZH3dRBsJM";"il y a 10 ans";
"Rose cutting update September";"https://www.youtube.com/watch?v=i9wQjIQwoQw";"il y a 11 ans";
"Rose cutting update mid-september";"https://www.youtube.com/watch?v=52GAJTfDdpY";"il y a 10 ans";
"Scything our Orchard of 30 Fruit Trees";"https://www.youtube.com/watch?v=bF9dCORhXcA";"il y a 5 ans";
"Simple Guide to Composting | How to Make Compost When You're New to Composting";"https://www.youtube.com/watch?v=kt6mIoKK6wE";"il y a 3 ans";
"Simple Guide to Intercropping | How to Grow More Food in your Vegetable Garden";"https://www.youtube.com/watch?v=eWhiVyHOv6w";"il y a 2 ans";
"Simple Guide to Slug Control | How to Effectively Deal with Slugs in the Vegetable Garden";"https://www.youtube.com/watch?v=GL65oXHiVP8";"il y a 2 ans";
"Simple Guide to Watering | Highly-Effective Watering Methods for the Vegetable Garden";"https://www.youtube.com/watch?v=RDbbdnv_D1U";"il y a 2 ans";
"Simple Summer Planting Trick For BIG Harvests!";"https://www.youtube.com/watch?v=_uST-Qldul8";"il y a 2 mois";
"Simple Tips to Help you Get your 7 a Day";"https://www.youtube.com/watch?v=pg6gFJKDjHY";"il y a 8 ans";
"Small space vegetable gardening ‚Äì A series about maximizing your space effectively";"https://www.youtube.com/watch?v=2lG9tDG232o";"il y a 7 ans";
"Sowings and Strategies in August for Autumn Harvests";"https://www.youtube.com/watch?v=616gSjYOJ_U";"il y a 4 semaines";
"Spring has Sprung!";"https://www.youtube.com/watch?v=N6t4eSF9ZDQ";"il y a 7 ans";
"Starting seeds using old toilet paper rolls - Free pots!";"https://www.youtube.com/watch?v=YWaE9CtnkjE";"il y a 11 ans";
"Strange Crops, Heritage Seeds, & Other Goals for Next Season | 2022 Gardening Goals";"https://www.youtube.com/watch?v=gZ7DivCR2O4";"il y a 9 mois";
"Strawberry Propagation from Runners";"https://www.youtube.com/watch?v=xu0u8DIrIxY";"il y a 8 ans";
"Succession Planting | Amazing Way to Extend Your Cropping and Increases Your Garden's Productivity";"https://www.youtube.com/watch?v=tR08obFyK2U";"il y a 2 ans";
"Supporting heavy cropping Apple Trees - Making Progs";"https://www.youtube.com/watch?v=xCejQoyu_z4";"il y a 7 ans";
"Swap Seeds and Save Money - Visit to my Local Market";"https://www.youtube.com/watch?v=xV7A_wbCvy8";"il y a 7 ans";
"Tangy Zucchini Salad/Cooking Week - 007";"https://www.youtube.com/watch?v=TysVO61Ydh0";"il y a 9 ans";
"The #1 Priority for Vegetable Gardeners | Why We Should Focus on Growing Soil, Not Crops";"https://www.youtube.com/watch?v=t3lefiNCY_Q";"il y a 1 an";
"The 10 Most Productive Crops to Sow in July";"https://www.youtube.com/watch?v=TyUkbZ_ci5A";"il y a 1 an";
"The 100% Natural FREE Pest Control Method for Your Vegetable Garden";"https://www.youtube.com/watch?v=iR80LfHDIs4";"il y a 4 mois";
"The 6 Ultimate Vegetables to Grow for Self-Sufficiency";"https://www.youtube.com/watch?v=ico5_y5Juak";"il y a 2 ans";
"The Art of Lazy Composting | How to Make High-Quality Compost the Simple Way";"https://www.youtube.com/watch?v=swLkA1cHJ4Y";"il y a 1 an";
"The Attitude of Vegetable Gardening in Slovenia is an Inspiration";"https://www.youtube.com/watch?v=rF2xgXBiasI";"il y a 4 ans";
"The BEST Camera Tripod Trick (HD)";"https://www.youtube.com/watch?v=QZI8JKLPL9k";"il y a 9 ans";
"The BEST Soil to Grow Vegetables in";"https://www.youtube.com/watch?v=mnbk-pr-_48";"il y a 9 ans";
"The BEST WAY to Prepare Raised Beds for Growing AMAZING Vegetables";"https://www.youtube.com/watch?v=97icQHwRyi8";"il y a 8 ans";
"The Benefits of Growing Food in Raised Beds";"https://www.youtube.com/watch?v=jpVkmpQnlDc";"il y a 2 ans";
"The Best Low-Cost Tomato Trellis for Polytunnels & Greenhouses";"https://www.youtube.com/watch?v=n2ANsXBg7Dg";"il y a 1 an";
"The Best way to Plant out Squashes - Provide water, warmth and no weeds!";"https://www.youtube.com/watch?v=xmx5XgFRyLY";"il y a 8 ans";
"The Best way to plant out Brassicas and Time Lapse of the Greenhouse";"https://www.youtube.com/watch?v=_ZTrKao2C_U";"il y a 9 ans";
"The Biggest Undercover Growing Mistake (And How to Fix It)";"https://www.youtube.com/watch?v=OAwn-pOuggI";"il y a 9 jours";
"The Bird Table / January";"https://www.youtube.com/watch?v=OBUuqrP66o4";"il y a 9 ans";
"The Complete Guide to Preparing Raised Beds for Winter";"https://www.youtube.com/watch?v=fAigyqqi5tI";"il y a 1 an";
"The Essential Equipment to start a Small Space Garden ~ Ep1";"https://www.youtube.com/watch?v=H1M-A4B87GA";"il y a 7 ans";
"The Future of Horticulture and RHS Young Designer Competition (ft. Will Williams)";"https://www.youtube.com/watch?v=TKTYKjGk1Jk";"il y a 3 ans";
"The Great Lemon Investigation 1 - Germination Rates";"https://www.youtube.com/watch?v=mznn-9gXZAY";"il y a 9 ans";
"The Incredible 10% Rule" That Every Gardener Should Use | Increase Yields & Pollinators";"https://www.youtube.com/watch?v=p_YwQKVtam8";"il y a 1 an";
"The Most Amazing Gardening Hack for Winter Abundance";"https://www.youtube.com/watch?v=VcDYhHe7Cxo";"il y a 10 mois";
"The Most Underrated Vegetable You MUST Grow!";"https://www.youtube.com/watch?v=pK-jdPM0iwo";"il y a 2 ans";
"The NO RULES Vegetable Gardening Method | 9 Key Lessons from a Year of Growing Intuitively";"https://www.youtube.com/watch?v=6xZmqiexR9E";"il y a 1 an";
"The Nature of Gardening - 8 Extraordinary Veg Gardens | Season 2 Coming January 2022";"https://www.youtube.com/watch?v=eEzShcs05Fw";"il y a 8 mois";
"The Next 4 Months...";"https://www.youtube.com/watch?v=8iuZhsYGjgA";"il y a 5 ans";
"The No-Nonsense Guide to Transplanting Seedlings";"https://www.youtube.com/watch?v=MOo9ZIR2SxI";"il y a 1 an";
"The Organic Vegetable Garden";"https://www.youtube.com/watch?v=_4irPuFV388";"il y a 11 ans";
"The Perfect Raised Bed Size for High Productivity in Small Spaces";"https://www.youtube.com/watch?v=teEvEoxAzvY";"il y a 1 an";
"The Secret to a Highly-Productive Vegetable Garden is Flavour";"https://www.youtube.com/watch?v=NFQCs7bNUNI";"il y a 6 mois";
"The Simple 1% Rule Towards Self-Sufficiency Success";"https://www.youtube.com/watch?v=imoCLwruTjw";"il y a 5 mois";
"The Simple Art of Sowing Seeds in Modules";"https://www.youtube.com/watch?v=ZA5o9cM_Acs";"il y a 7 mois";
"The Simple Way to Becoming Self-Sufficient in Food";"https://www.youtube.com/watch?v=8HmQqsTM8co";"il y a 1 an";
"The Successes and Failures of this year's Growing Season";"https://www.youtube.com/watch?v=eB8APS9ry1g";"il y a 8 ans";
"The Ultimate Method for BIG Harvests Through the Growing Year | Fully-Maximize Your Veg Garden";"https://www.youtube.com/watch?v=Sn5kO6Yx3P0";"il y a 1 an";
"The Ultimate Resource for Veg Growers That I'd Recommend in 2021 | Improve Harvests & Plant Health";"https://www.youtube.com/watch?v=1NPfLBRi-XY";"il y a 1 an";
"The Vegetable Garden is not Happy! | 003";"https://www.youtube.com/watch?v=6lpz3E2gquk";"il y a 4 ans";
"The weekend Project - Re potting 90 plants!";"https://www.youtube.com/watch?v=li-9k2O2VkM";"il y a 10 ans";
"These 8 Free Ingredients Will Bulk Out Your Compost Bins";"https://www.youtube.com/watch?v=BO8wWBjnsXU";"il y a 6 mois";
"This Impressive Kitchen Garden Grows 80% of Their Vegetables Using No Dig Methods";"https://www.youtube.com/watch?v=xjdjUWne6-4";"il y a 5 mois";
"This Simple Method Will INCREASE your Potato Harvests!";"https://www.youtube.com/watch?v=3QSyD200ZJY";"il y a 8 ans";
"Time Lapse of Rhubarb Growing";"https://www.youtube.com/watch?v=QpdFWSbanS4";"il y a 8 ans";
"Time to start making videos again!";"https://www.youtube.com/watch?v=ZglQuSQ996M";"il y a 8 ans";
"Tips to Maximize Undercover Growing over Winter";"https://www.youtube.com/watch?v=qlMEqwV_TKc";"il y a 11 mois";
"Tomatoes Ripening in 1 Minute - Time Lapse";"https://www.youtube.com/watch?v=Us4jfeFM_2Q";"il y a 9 ans";
"Top Tips if your Garden is in a Drought";"https://www.youtube.com/watch?v=not1wxCCzic";"il y a 9 ans";
"Tour along my soft fruit hedge";"https://www.youtube.com/watch?v=wuPYY3POz5E";"il y a 11 ans";
"Transitioning Towards Permaculture - What and Why?";"https://www.youtube.com/watch?v=HFfkcjqP02E";"il y a 6 ans";
"Transplanting Climbing Beans for High Growth and Yields";"https://www.youtube.com/watch?v=wIqzHdx_ALA";"il y a 7 ans";
"Transplanting Healthy Avocado Seedlings How-to";"https://www.youtube.com/watch?v=NxvWnevMvQE";"il y a 9 ans";
"Transplanting Leeks for Maximum Yields";"https://www.youtube.com/watch?v=455M0DgO8sM";"il y a 7 ans";
"Transplanting Winter Veg and Potatoes in Hay Update | 002";"https://www.youtube.com/watch?v=bOIrP7V5ksM";"il y a 4 ans";
"Transplanting an Apple seedling";"https://www.youtube.com/watch?v=gweaLN7Efwg";"il y a 10 ans";
"Transplanting my Lemon and Orange seedlings";"https://www.youtube.com/watch?v=h16z9PEIn5M";"il y a 10 ans";
"Transplanting my Spirea cuttings";"https://www.youtube.com/watch?v=-qgUrELFCtg";"il y a 10 ans";
"Transplanting my Sweet Chestnuts";"https://www.youtube.com/watch?v=0LSUCkdyb4Q";"il y a 10 ans";
"Transplanting the sprouted apple seeds";"https://www.youtube.com/watch?v=8j41BrypOPY";"il y a 10 ans";
"Tree seedlings time-lapse";"https://www.youtube.com/watch?v=IWLoPVx3tLU";"il y a 10 ans";
"Update and Transplant of my Honey Mango";"https://www.youtube.com/watch?v=1lUhrsqDE8I";"il y a 9 ans";
"Update and Transplant of my Mint Cuttings";"https://www.youtube.com/watch?v=hzMxKBoOzxU";"il y a 10 ans";
"Update on my Avocado Trees and Loquats";"https://www.youtube.com/watch?v=O3H-o-5duvQ";"il y a 9 ans";
"Using Hay and Grass as Mulch to Grow Food";"https://www.youtube.com/watch?v=3KwprzjMSxc";"il y a 5 ans";
"Using Plastic Bottles for Cuttings - Reusing old Bottles";"https://www.youtube.com/watch?v=-y-pi_n89c0";"il y a 10 ans";
"Vegetable Garden Tour | July in our Organic and Permaculture Inspired No Dig Vegetable Garden";"https://www.youtube.com/watch?v=TgkePmjrX10";"il y a 2 ans";
"Vegetable Garden Tour | Late May in Our Organic & Permaculture Inspired Kitchen Garden";"https://www.youtube.com/watch?v=SsDI9C6wB1E";"il y a 2 ans";
"Vegetable Gardening | Straight Talk for People Starting to Grow Food";"https://www.youtube.com/watch?v=lIygrP12Owg";"il y a 1 an";
"Walks around Mid Wales - Devils Bridge";"https://www.youtube.com/watch?v=KW4daOv_Ta4";"il y a 11 ans";
"We Should All Grow a Little Extra - Grow a Gift 2019";"https://www.youtube.com/watch?v=Kyw_rezTB-4";"il y a 3 ans";
"Welcome to HuwsNursery";"https://www.youtube.com/watch?v=0KL8KL9QFJM";"il y a 10 ans";
"Welcome to HuwsNursery";"https://www.youtube.com/watch?v=tIiNpHgAOZI";"il y a 4 ans";
"Welcome to HuwsNursery";"https://www.youtube.com/watch?v=vs0tqan_udk";"il y a 8 ans";
"Welcome to HuwsNursery";"https://www.youtube.com/watch?v=xhTbsiMqSXM";"il y a 7 ans";
"Welcome to HuwsNursery. Please Subscribe! (Old Version)";"https://www.youtube.com/watch?v=69v14AUsybk";"il y a 9 ans";
"What Animal Manures should I not use in my Garden?";"https://www.youtube.com/watch?v=miNSHN0MuSU";"il y a 8 ans";
"What to Intercrop with Climbing Beans to Maximize Yields In Your Permaculture Garden";"https://www.youtube.com/watch?v=Sbv-99zZrjs";"il y a 1 an";
"What to Plant and Grow in Spring (Vegetables and Fruit)";"https://www.youtube.com/watch?v=s7anp82yvyE";"il y a 9 ans";
"What to do if your Pepper Plant has Yellow Leaves";"https://www.youtube.com/watch?v=a4KkRqGmNcc";"il y a 9 ans";
"What you need to take Healthy Cuttings from Plants";"https://www.youtube.com/watch?v=dYea8BrHXGw";"il y a 11 ans";
"When to Harvest Peas";"https://www.youtube.com/watch?v=8qQAfBCT_6k";"il y a 7 ans";
"When to Harvest Potatoes - Simplest Method!";"https://www.youtube.com/watch?v=sVis2uG2TlA";"il y a 7 ans";
"When to Harvest Potatoes";"https://www.youtube.com/watch?v=pJQh5c5i09A";"il y a 10 ans";
"When to Harvest Radishes for the Best Taste";"https://www.youtube.com/watch?v=8XDLsz1op7o";"il y a 9 ans";
"When to Top-up Mulch in your Vegetable Garden";"https://www.youtube.com/watch?v=rk-hyUwdkLs";"il y a 5 ans";
"Why Chop & Drop Is a NO DIG Must!";"https://www.youtube.com/watch?v=6q2HYrMvIlk";"il y a 9 mois";
"Why Crop Rotation is a Waste of Time";"https://www.youtube.com/watch?v=dSd-G_o3NGI";"il y a 3 ans";
"Why Every Vegetable Garden Needs Ducks";"https://www.youtube.com/watch?v=baXSrl5Vmb0";"il y a 3 ans";
"Why I Love January as a Gardener";"https://www.youtube.com/watch?v=g4Weoqv6D6Y";"il y a 3 ans";
"Why I Stopped Weeding the Garden | The BEST Weed Control Tip";"https://www.youtube.com/watch?v=_Jm9FjpWO-0";"il y a 3 mois";
"Why I Wrote Veg in One Bed? (Month-by-Month Growing Abundance in Just 1 Bed!)";"https://www.youtube.com/watch?v=apnk-_E5oVs";"il y a 3 ans";
"Why I'm Growing 10X More Herbs This Year | The Unsung Hero of the Veg Garden";"https://www.youtube.com/watch?v=MpOietnbb8o";"il y a 1 an";
"Why I'm Moving Beyond No Dig Vegetable Gardening";"https://www.youtube.com/watch?v=Jqa1uzlKbl4";"il y a 1 an";
"Why This Vegetable Garden Has Grass Paths | Pros, Cons and My Favourite Alternative";"https://www.youtube.com/watch?v=7XhdiJMHuUk";"il y a 2 ans";
"Why You MUST 'Just Keep Planting' in Summer";"https://www.youtube.com/watch?v=D1cksR7CfXA";"il y a 1 mois";
"Why You Need More Nettles in your Vegetable Garden | The Incredibly Useful Permaculture Plant";"https://www.youtube.com/watch?v=lkUmwlJ5RQ8";"il y a 2 ans";
"Why You Need to Grow MORE Bush Beans This Summer!";"https://www.youtube.com/watch?v=ylYljqL_bi0";"il y a 3 mois";
"Why You Should Harvest Garlic in May";"https://www.youtube.com/watch?v=asVqiG3f66M";"il y a 4 mois";
"Why You Should Water your Vegetables Less | The Secret to Better Yields";"https://www.youtube.com/watch?v=Rmhxq0bi4ZU";"il y a 2 ans";
"Why a Garden is the Ultimate Food Stockpile";"https://www.youtube.com/watch?v=LKthQdGi47Y";"il y a 2 ans";
"Why a Vlog & New Water Infrastructure | 001";"https://www.youtube.com/watch?v=RV7bWusVhWU";"il y a 4 ans";
"Why removing Tomato Side-shoots (suckers) ensures BIG growth";"https://www.youtube.com/watch?v=eUx7AaPH9Cg";"il y a 9 ans";
"Why we Scythe for Cutting Grass, Mulch and Feed";"https://www.youtube.com/watch?v=dEOpGkTVMC4";"il y a 6 ans";
"Wild Birds in the Bitterly Cold Spring";"https://www.youtube.com/watch?v=4aE2S0fcOlw";"il y a 9 ans";
"Wild edibles - Jack by the hedge";"https://www.youtube.com/watch?v=gljV4VBYjPc";"il y a 10 ans";
"Wild garlic seedlings and transplanting - First time lucky?";"https://www.youtube.com/watch?v=pGrulk2CV9w";"il y a 10 ans";
"Work out your Soil Type with the 'Squeeze Technique'";"https://www.youtube.com/watch?v=5Wlu-AnMUz0";"il y a 7 ans";
"You'll NEVER Need to Buy Seeds for These 9 Crops Again!";"https://www.youtube.com/watch?v=BBIMPtGf9Cc";"il y a 3 mois";
"Zucchini Plant Flowering - Time Lapse";"https://www.youtube.com/watch?v=ByymkRdwv0A";"il y a 9 ans";
"a look at Norwood Gardens, west wales";"https://www.youtube.com/watch?v=Gt5fqdPSF_M";"il y a 11 ans";
"my best sketches August 2011";"https://www.youtube.com/watch?v=6yrAdGJttlo";"il y a 11 ans";
"my grape vine cutting";"https://www.youtube.com/watch?v=TzWi-muSB6I";"il y a 10 ans";
"winter propagation update";"https://www.youtube.com/watch?v=t5GHbe9LCUE";"il y a 10 ans";